,시도별,value,year,Indicator Name
0,서울,20857.0,2015,GRDP (국내총생산: 만 원)
1,부산,17044.0,2015,GRDP (국내총생산: 만 원)
2,대구,17226.0,2015,GRDP (국내총생산: 만 원)
3,인천,16598.0,2015,GRDP (국내총생산: 만 원)
4,광주,17459.0,2015,GRDP (국내총생산: 만 원)
5,대전,18229.0,2015,GRDP (국내총생산: 만 원)
6,울산,21348.0,2015,GRDP (국내총생산: 만 원)
7,세종,21957.0,2015,GRDP (국내총생산: 만 원)
8,경기,18069.0,2015,GRDP (국내총생산: 만 원)
9,강원,16311.0,2015,GRDP (국내총생산: 만 원)
10,충북,16531.0,2015,GRDP (국내총생산: 만 원)
11,충남,16703.0,2015,GRDP (국내총생산: 만 원)
12,전북,16239.0,2015,GRDP (국내총생산: 만 원)
13,전남,16067.0,2015,GRDP (국내총생산: 만 원)
14,경북,16550.0,2015,GRDP (국내총생산: 만 원)
15,경남,17411.0,2015,GRDP (국내총생산: 만 원)
16,제주,16685.0,2015,GRDP (국내총생산: 만 원)
17,서울,21295.0,2016,GRDP (국내총생산: 만 원)
18,부산,17525.0,2016,GRDP (국내총생산: 만 원)
19,대구,17848.0,2016,GRDP (국내총생산: 만 원)
20,인천,17222.0,2016,GRDP (국내총생산: 만 원)
21,광주,18232.0,2016,GRDP (국내총생산: 만 원)
22,대전,18741.0,2016,GRDP (국내총생산: 만 원)
23,울산,21422.0,2016,GRDP (국내총생산: 만 원)
24,세종,21000.0,2016,GRDP (국내총생산: 만 원)
25,경기,18611.0,2016,GRDP (국내총생산: 만 원)
26,강원,16798.0,2016,GRDP (국내총생산: 만 원)
27,충북,16915.0,2016,GRDP (국내총생산: 만 원)
28,충남,16952.0,2016,GRDP (국내총생산: 만 원)
29,전북,16499.0,2016,GRDP (국내총생산: 만 원)
30,전남,16528.0,2016,GRDP (국내총생산: 만 원)
31,경북,16894.0,2016,GRDP (국내총생산: 만 원)
32,경남,17744.0,2016,GRDP (국내총생산: 만 원)
33,제주,17366.0,2016,GRDP (국내총생산: 만 원)
34,서울,22237.0,2017,GRDP (국내총생산: 만 원)
35,부산,18189.0,2017,GRDP (국내총생산: 만 원)
36,대구,18350.0,2017,GRDP (국내총생산: 만 원)
37,인천,17884.0,2017,GRDP (국내총생산: 만 원)
38,광주,18926.0,2017,GRDP (국내총생산: 만 원)
39,대전,19314.0,2017,GRDP (국내총생산: 만 원)
40,울산,21956.0,2017,GRDP (국내총생산: 만 원)
41,세종,21404.0,2017,GRDP (국내총생산: 만 원)
42,경기,19375.0,2017,GRDP (국내총생산: 만 원)
43,강원,17484.0,2017,GRDP (국내총생산: 만 원)
44,충북,17465.0,2017,GRDP (국내총생산: 만 원)
45,충남,17788.0,2017,GRDP (국내총생산: 만 원)
46,전북,17059.0,2017,GRDP (국내총생산: 만 원)
47,전남,17043.0,2017,GRDP (국내총생산: 만 원)
48,경북,17428.0,2017,GRDP (국내총생산: 만 원)
49,경남,18011.0,2017,GRDP (국내총생산: 만 원)
50,제주,17816.0,2017,GRDP (국내총생산: 만 원)
51,서울,23323.0,2018,GRDP (국내총생산: 만 원)
52,부산,18868.0,2018,GRDP (국내총생산: 만 원)
53,대구,18555.0,2018,GRDP (국내총생산: 만 원)
54,인천,18659.0,2018,GRDP (국내총생산: 만 원)
55,광주,19868.0,2018,GRDP (국내총생산: 만 원)
56,대전,19649.0,2018,GRDP (국내총생산: 만 원)
57,울산,21655.0,2018,GRDP (국내총생산: 만 원)
58,세종,20990.0,2018,GRDP (국내총생산: 만 원)
59,경기,19907.0,2018,GRDP (국내총생산: 만 원)
60,강원,18450.0,2018,GRDP (국내총생산: 만 원)
61,충북,18440.0,2018,GRDP (국내총생산: 만 원)
62,충남,18458.0,2018,GRDP (국내총생산: 만 원)
63,전북,18141.0,2018,GRDP (국내총생산: 만 원)
64,전남,18207.0,2018,GRDP (국내총생산: 만 원)
65,경북,18185.0,2018,GRDP (국내총생산: 만 원)
66,경남,18466.0,2018,GRDP (국내총생산: 만 원)
67,제주,18456.0,2018,GRDP (국내총생산: 만 원)
68,서울,23978.0,2019,GRDP (국내총생산: 만 원)
69,부산,19723.0,2019,GRDP (국내총생산: 만 원)
70,대구,19196.0,2019,GRDP (국내총생산: 만 원)
71,인천,19582.0,2019,GRDP (국내총생산: 만 원)
72,광주,20791.0,2019,GRDP (국내총생산: 만 원)
73,대전,20648.0,2019,GRDP (국내총생산: 만 원)
74,울산,22617.0,2019,GRDP (국내총생산: 만 원)
75,세종,20674.0,2019,GRDP (국내총생산: 만 원)
76,경기,20746.0,2019,GRDP (국내총생산: 만 원)
77,강원,19174.0,2019,GRDP (국내총생산: 만 원)
78,충북,18989.0,2019,GRDP (국내총생산: 만 원)
79,충남,19216.0,2019,GRDP (국내총생산: 만 원)
80,전북,18941.0,2019,GRDP (국내총생산: 만 원)
81,전남,19072.0,2019,GRDP (국내총생산: 만 원)
82,경북,18748.0,2019,GRDP (국내총생산: 만 원)
83,경남,19078.0,2019,GRDP (국내총생산: 만 원)
84,제주,18815.0,2019,GRDP (국내총생산: 만 원)
85,서울,24226.0,2020,GRDP (국내총생산: 만 원)
86,부산,20460.0,2020,GRDP (국내총생산: 만 원)
87,대구,20229.0,2020,GRDP (국내총생산: 만 원)
88,인천,20310.0,2020,GRDP (국내총생산: 만 원)
89,광주,21591.0,2020,GRDP (국내총생산: 만 원)
90,대전,21707.0,2020,GRDP (국내총생산: 만 원)
91,울산,23863.0,2020,GRDP (국내총생산: 만 원)
92,세종,21407.0,2020,GRDP (국내총생산: 만 원)
93,경기,21220.0,2020,GRDP (국내총생산: 만 원)
94,강원,20267.0,2020,GRDP (국내총생산: 만 원)
95,충북,20029.0,2020,GRDP (국내총생산: 만 원)
96,충남,20393.0,2020,GRDP (국내총생산: 만 원)
97,전북,19991.0,2020,GRDP (국내총생산: 만 원)
98,전남,19873.0,2020,GRDP (국내총생산: 만 원)
99,경북,19798.0,2020,GRDP (국내총생산: 만 원)
100,경남,19759.0,2020,GRDP (국내총생산: 만 원)
101,제주,19954.0,2020,GRDP (국내총생산: 만 원)
102,서울,25256.0,2021,GRDP (국내총생산: 만 원)
103,부산,21352.0,2021,GRDP (국내총생산: 만 원)
104,대구,21046.0,2021,GRDP (국내총생산: 만 원)
105,인천,21317.0,2021,GRDP (국내총생산: 만 원)
106,광주,22472.0,2021,GRDP (국내총생산: 만 원)
107,대전,22730.0,2021,GRDP (국내총생산: 만 원)
108,울산,25165.0,2021,GRDP (국내총생산: 만 원)
109,세종,22061.0,2021,GRDP (국내총생산: 만 원)
110,경기,21937.0,2021,GRDP (국내총생산: 만 원)
111,강원,21038.0,2021,GRDP (국내총생산: 만 원)
112,충북,21081.0,2021,GRDP (국내총생산: 만 원)
113,충남,21262.0,2021,GRDP (국내총생산: 만 원)
114,전북,20862.0,2021,GRDP (국내총생산: 만 원)
115,전남,20881.0,2021,GRDP (국내총생산: 만 원)
116,경북,20667.0,2021,GRDP (국내총생산: 만 원)
117,경남,20650.0,2021,GRDP (국내총생산: 만 원)
118,제주,20475.0,2021,GRDP (국내총생산: 만 원)
119,서울,35.5,2015,1인당_사교육비(만 원)
120,부산,27.6,2015,1인당_사교육비(만 원)
121,대구,26.8,2015,1인당_사교육비(만 원)
122,인천,22.9,2015,1인당_사교육비(만 원)
123,광주,27.2,2015,1인당_사교육비(만 원)
124,대전,27.3,2015,1인당_사교육비(만 원)
125,울산,26.2,2015,1인당_사교육비(만 원)
126,세종,22.1,2015,1인당_사교육비(만 원)
127,경기,30.0,2015,1인당_사교육비(만 원)
128,강원,21.2,2015,1인당_사교육비(만 원)
129,충북,21.4,2015,1인당_사교육비(만 원)
130,충남,19.9,2015,1인당_사교육비(만 원)
131,전북,24.0,2015,1인당_사교육비(만 원)
132,전남,21.2,2015,1인당_사교육비(만 원)
133,경북,22.6,2015,1인당_사교육비(만 원)
134,경남,24.0,2015,1인당_사교육비(만 원)
135,제주,23.6,2015,1인당_사교육비(만 원)
136,서울,37.0,2016,1인당_사교육비(만 원)
137,부산,29.2,2016,1인당_사교육비(만 원)
138,대구,26.3,2016,1인당_사교육비(만 원)
139,인천,23.6,2016,1인당_사교육비(만 원)
140,광주,25.1,2016,1인당_사교육비(만 원)
141,대전,29.0,2016,1인당_사교육비(만 원)
142,울산,25.5,2016,1인당_사교육비(만 원)
143,세종,24.1,2016,1인당_사교육비(만 원)
144,경기,29.7,2016,1인당_사교육비(만 원)
145,강원,21.6,2016,1인당_사교육비(만 원)
146,충북,22.6,2016,1인당_사교육비(만 원)
147,충남,18.8,2016,1인당_사교육비(만 원)
148,전북,21.4,2016,1인당_사교육비(만 원)
149,전남,19.1,2016,1인당_사교육비(만 원)
150,경북,22.5,2016,1인당_사교육비(만 원)
151,경남,22.2,2016,1인당_사교육비(만 원)
152,제주,26.9,2016,1인당_사교육비(만 원)
153,서울,41.7,2017,1인당_사교육비(만 원)
154,부산,33.5,2017,1인당_사교육비(만 원)
155,대구,30.6,2017,1인당_사교육비(만 원)
156,인천,22.8,2017,1인당_사교육비(만 원)
157,광주,27.6,2017,1인당_사교육비(만 원)
158,대전,24.7,2017,1인당_사교육비(만 원)
159,울산,26.1,2017,1인당_사교육비(만 원)
160,세종,32.0,2017,1인당_사교육비(만 원)
161,경기,29.4,2017,1인당_사교육비(만 원)
162,강원,22.0,2017,1인당_사교육비(만 원)
163,충북,22.1,2017,1인당_사교육비(만 원)
164,충남,20.2,2017,1인당_사교육비(만 원)
165,전북,25.3,2017,1인당_사교육비(만 원)
166,전남,19.5,2017,1인당_사교육비(만 원)
167,경북,26.4,2017,1인당_사교육비(만 원)
168,경남,23.7,2017,1인당_사교육비(만 원)
169,제주,26.0,2017,1인당_사교육비(만 원)
170,서울,41.5,2018,1인당_사교육비(만 원)
171,부산,31.6,2018,1인당_사교육비(만 원)
172,대구,33.2,2018,1인당_사교육비(만 원)
173,인천,30.0,2018,1인당_사교육비(만 원)
174,광주,31.0,2018,1인당_사교육비(만 원)
175,대전,29.3,2018,1인당_사교육비(만 원)
176,울산,29.1,2018,1인당_사교육비(만 원)
177,세종,33.4,2018,1인당_사교육비(만 원)
178,경기,33.2,2018,1인당_사교육비(만 원)
179,강원,25.5,2018,1인당_사교육비(만 원)
180,충북,29.1,2018,1인당_사교육비(만 원)
181,충남,20.2,2018,1인당_사교육비(만 원)
182,전북,24.5,2018,1인당_사교육비(만 원)
183,전남,22.0,2018,1인당_사교육비(만 원)
184,경북,26.4,2018,1인당_사교육비(만 원)
185,경남,22.6,2018,1인당_사교육비(만 원)
186,제주,28.2,2018,1인당_사교육비(만 원)
187,서울,46.3,2019,1인당_사교육비(만 원)
188,부산,32.5,2019,1인당_사교육비(만 원)
189,대구,34.2,2019,1인당_사교육비(만 원)
190,인천,33.4,2019,1인당_사교육비(만 원)
191,광주,31.9,2019,1인당_사교육비(만 원)
192,대전,31.7,2019,1인당_사교육비(만 원)
193,울산,30.3,2019,1인당_사교육비(만 원)
194,세종,40.2,2019,1인당_사교육비(만 원)
195,경기,35.7,2019,1인당_사교육비(만 원)
196,강원,20.9,2019,1인당_사교육비(만 원)
197,충북,25.9,2019,1인당_사교육비(만 원)
198,충남,28.1,2019,1인당_사교육비(만 원)
199,전북,27.6,2019,1인당_사교육비(만 원)
200,전남,22.6,2019,1인당_사교육비(만 원)
201,경북,25.7,2019,1인당_사교육비(만 원)
202,경남,28.9,2019,1인당_사교육비(만 원)
203,제주,29.8,2019,1인당_사교육비(만 원)
204,서울,49.2,2020,1인당_사교육비(만 원)
205,부산,34.0,2020,1인당_사교육비(만 원)
206,대구,34.4,2020,1인당_사교육비(만 원)
207,인천,32.9,2020,1인당_사교육비(만 원)
208,광주,33.2,2020,1인당_사교육비(만 원)
209,대전,34.9,2020,1인당_사교육비(만 원)
210,울산,31.0,2020,1인당_사교육비(만 원)
211,세종,37.2,2020,1인당_사교육비(만 원)
212,경기,35.7,2020,1인당_사교육비(만 원)
213,강원,23.3,2020,1인당_사교육비(만 원)
214,충북,25.7,2020,1인당_사교육비(만 원)
215,충남,21.1,2020,1인당_사교육비(만 원)
216,전북,26.3,2020,1인당_사교육비(만 원)
217,전남,23.0,2020,1인당_사교육비(만 원)
218,경북,27.2,2020,1인당_사교육비(만 원)
219,경남,28.1,2020,1인당_사교육비(만 원)
220,제주,28.9,2020,1인당_사교육비(만 원)
221,서울,52.6,2021,1인당_사교육비(만 원)
222,부산,42.1,2021,1인당_사교육비(만 원)
223,대구,42.2,2021,1인당_사교육비(만 원)
224,인천,38.9,2021,1인당_사교육비(만 원)
225,광주,37.4,2021,1인당_사교육비(만 원)
226,대전,35.3,2021,1인당_사교육비(만 원)
227,울산,34.0,2021,1인당_사교육비(만 원)
228,세종,40.6,2021,1인당_사교육비(만 원)
229,경기,42.2,2021,1인당_사교육비(만 원)
230,강원,28.9,2021,1인당_사교육비(만 원)
231,충북,28.7,2021,1인당_사교육비(만 원)
232,충남,29.2,2021,1인당_사교육비(만 원)
233,전북,30.0,2021,1인당_사교육비(만 원)
234,전남,25.6,2021,1인당_사교육비(만 원)
235,경북,31.6,2021,1인당_사교육비(만 원)
236,경남,29.8,2021,1인당_사교육비(만 원)
237,제주,34.2,2021,1인당_사교육비(만 원)
238,서울,9904312.0,2015,인구수(명)
239,부산,3448737.0,2015,인구수(명)
240,대구,2466052.0,2015,인구수(명)
241,인천,2890451.0,2015,인구수(명)
242,광주,1502881.0,2015,인구수(명)
243,대전,1538394.0,2015,인구수(명)
244,울산,1166615.0,2015,인구수(명)
245,세종,204088.0,2015,인구수(명)
246,경기,12479061.0,2015,인구수(명)
247,강원,1518040.0,2015,인구수(명)
248,충북,1589347.0,2015,인구수(명)
249,충남,2107802.0,2015,인구수(명)
250,전북,1834114.0,2015,인구수(명)
251,전남,1799044.0,2015,인구수(명)
252,경북,2680294.0,2015,인구수(명)
253,경남,3334524.0,2015,인구수(명)
254,제주,605619.0,2015,인구수(명)
255,서울,9805506.0,2016,인구수(명)
256,부산,3440484.0,2016,인구수(명)
257,대구,2461002.0,2016,인구수(명)
258,인천,2913024.0,2016,인구수(명)
259,광주,1501557.0,2016,인구수(명)
260,대전,1535445.0,2016,인구수(명)
261,울산,1166033.0,2016,인구수(명)
262,세종,242507.0,2016,인구수(명)
263,경기,12671956.0,2016,인구수(명)
264,강원,1521751.0,2016,인구수(명)
265,충북,1603404.0,2016,인구수(명)
266,충남,2132566.0,2016,인구수(명)
267,전북,1833168.0,2016,인구수(명)
268,전남,1796017.0,2016,인구수(명)
269,경북,2682169.0,2016,인구수(명)
270,경남,3339633.0,2016,인구수(명)
271,제주,623332.0,2016,인구수(명)
272,서울,9741871.0,2017,인구수(명)
273,부산,3416918.0,2017,인구수(명)
274,대구,2453041.0,2017,인구수(명)
275,인천,2925967.0,2017,인구수(명)
276,광주,1496172.0,2017,인구수(명)
277,대전,1525849.0,2017,인구수(명)
278,울산,1157077.0,2017,인구수(명)
279,세종,276589.0,2017,인구수(명)
280,경기,12851601.0,2017,인구수(명)
281,강원,1521386.0,2017,인구수(명)
282,충북,1611009.0,2017,인구수(명)
283,충남,2162426.0,2017,인구수(명)
284,전북,1826174.0,2017,인구수(명)
285,전남,1792319.0,2017,인구수(명)
286,경북,2677058.0,2017,인구수(명)
287,경남,3345293.0,2017,인구수(명)
288,제주,641757.0,2017,인구수(명)
289,서울,9673936.0,2018,인구수(명)
290,부산,3395278.0,2018,인구수(명)
291,대구,2444412.0,2018,인구수(명)
292,인천,2936117.0,2018,인구수(명)
293,광주,1490092.0,2018,인구수(명)
294,대전,1511214.0,2018,인구수(명)
295,울산,1150116.0,2018,인구수(명)
296,세종,312374.0,2018,인구수(명)
297,경기,13103188.0,2018,인구수(명)
298,강원,1520391.0,2018,인구수(명)
299,충북,1620935.0,2018,인구수(명)
300,충남,2181416.0,2018,인구수(명)
301,전북,1818157.0,2018,인구수(명)
302,전남,1790352.0,2018,인구수(명)
303,경북,2672902.0,2018,인구수(명)
304,경남,3350350.0,2018,인구수(명)
305,제주,658282.0,2018,인구수(명)
306,서울,9639541.0,2019,인구수(명)
307,부산,3372692.0,2019,인구수(명)
308,대구,2429940.0,2019,인구수(명)
309,인천,2952237.0,2019,인구수(명)
310,광주,1489730.0,2019,인구수(명)
311,대전,1498839.0,2019,인구수(명)
312,울산,1143692.0,2019,인구수(명)
313,세종,338136.0,2019,인구수(명)
314,경기,13300900.0,2019,인구수(명)
315,강원,1520127.0,2019,인구수(명)
316,충북,1629343.0,2019,인구수(명)
317,충남,2188649.0,2019,인구수(명)
318,전북,1807423.0,2019,인구수(명)
319,전남,1787543.0,2019,인구수(명)
320,경북,2668154.0,2019,인구수(명)
321,경남,3347209.0,2019,인구수(명)
322,제주,665048.0,2019,인구수(명)
323,서울,9586195.0,2020,인구수(명)
324,부산,3349016.0,2020,인구수(명)
325,대구,2410700.0,2020,인구수(명)
326,인천,2945454.0,2020,인구수(명)
327,광주,1477573.0,2020,인구수(명)
328,대전,1488435.0,2020,인구수(명)
329,울산,1135423.0,2020,인구수(명)
330,세종,353933.0,2020,인구수(명)
331,경기,13511676.0,2020,인구수(명)
332,강원,1521763.0,2020,인구수(명)
333,충북,1632088.0,2020,인구수(명)
334,충남,2176636.0,2020,인구수(명)
335,전북,1802766.0,2020,인구수(명)
336,전남,1788807.0,2020,인구수(명)
337,경북,2644757.0,2020,인구수(명)
338,경남,3333056.0,2020,인구수(명)
339,제주,670858.0,2020,인구수(명)
340,서울,9472127.0,2021,인구수(명)
341,부산,3324335.0,2021,인구수(명)
342,대구,2387911.0,2021,인구수(명)
343,인천,2957044.0,2021,인구수(명)
344,광주,1475262.0,2021,인구수(명)
345,대전,1479740.0,2021,인구수(명)
346,울산,1120753.0,2021,인구수(명)
347,세종,366227.0,2021,인구수(명)
348,경기,13652529.0,2021,인구수(명)
349,강원,1521890.0,2021,인구수(명)
350,충북,1624764.0,2021,인구수(명)
351,충남,2175960.0,2021,인구수(명)
352,전북,1787053.0,2021,인구수(명)
353,전남,1778124.0,2021,인구수(명)
354,경북,2635314.0,2021,인구수(명)
355,경남,3305931.0,2021,인구수(명)
356,제주,673107.0,2021,인구수(명)
357,서울,33618.0,2015,교육 서비스업 사업체 수 (개)
358,서울,341006.0,2015,교육 서비스업 종사자 수 (명)
359,서울,34074.0,2016,교육 서비스업 사업체 수 (개)
360,서울,336028.0,2016,교육 서비스업 종사자 수 (명)
361,서울,34762.0,2017,교육 서비스업 사업체 수 (개)
362,서울,341732.0,2017,교육 서비스업 종사자 수 (명)
363,서울,35377.0,2018,교육 서비스업 사업체 수 (개)
364,서울,346219.0,2018,교육 서비스업 종사자 수 (명)
365,서울,35761.0,2019,교육 서비스업 사업체 수 (개)
366,서울,351320.0,2019,교육 서비스업 종사자 수 (명)
367,부산,11748.0,2015,교육 서비스업 사업체 수 (개)
368,부산,98479.0,2015,교육 서비스업 종사자 수 (명)
369,부산,12077.0,2016,교육 서비스업 사업체 수 (개)
370,부산,101206.0,2016,교육 서비스업 종사자 수 (명)
371,부산,12282.0,2017,교육 서비스업 사업체 수 (개)
372,부산,101774.0,2017,교육 서비스업 종사자 수 (명)
373,부산,12549.0,2018,교육 서비스업 사업체 수 (개)
374,부산,102104.0,2018,교육 서비스업 종사자 수 (명)
375,부산,12792.0,2019,교육 서비스업 사업체 수 (개)
376,부산,102349.0,2019,교육 서비스업 종사자 수 (명)
377,대구,10143.0,2015,교육 서비스업 사업체 수 (개)
378,대구,76527.0,2015,교육 서비스업 종사자 수 (명)
379,대구,10632.0,2016,교육 서비스업 사업체 수 (개)
380,대구,77322.0,2016,교육 서비스업 종사자 수 (명)
381,대구,10835.0,2017,교육 서비스업 사업체 수 (개)
382,대구,78550.0,2017,교육 서비스업 종사자 수 (명)
383,대구,10957.0,2018,교육 서비스업 사업체 수 (개)
384,대구,77969.0,2018,교육 서비스업 종사자 수 (명)
385,대구,11090.0,2019,교육 서비스업 사업체 수 (개)
386,대구,81327.0,2019,교육 서비스업 종사자 수 (명)
387,인천,7378.0,2015,교육 서비스업 사업체 수 (개)
388,인천,71499.0,2015,교육 서비스업 종사자 수 (명)
389,인천,7708.0,2016,교육 서비스업 사업체 수 (개)
390,인천,70917.0,2016,교육 서비스업 종사자 수 (명)
391,인천,8067.0,2017,교육 서비스업 사업체 수 (개)
392,인천,72855.0,2017,교육 서비스업 종사자 수 (명)
393,인천,8321.0,2018,교육 서비스업 사업체 수 (개)
394,인천,73735.0,2018,교육 서비스업 종사자 수 (명)
395,인천,8553.0,2019,교육 서비스업 사업체 수 (개)
396,인천,76559.0,2019,교육 서비스업 종사자 수 (명)
397,광주,6603.0,2015,교육 서비스업 사업체 수 (개)
398,광주,50523.0,2015,교육 서비스업 종사자 수 (명)
399,광주,6702.0,2016,교육 서비스업 사업체 수 (개)
400,광주,50593.0,2016,교육 서비스업 종사자 수 (명)
401,광주,6941.0,2017,교육 서비스업 사업체 수 (개)
402,광주,51669.0,2017,교육 서비스업 종사자 수 (명)
403,광주,6985.0,2018,교육 서비스업 사업체 수 (개)
404,광주,52745.0,2018,교육 서비스업 종사자 수 (명)
405,광주,7042.0,2019,교육 서비스업 사업체 수 (개)
406,광주,53909.0,2019,교육 서비스업 종사자 수 (명)
407,대전,5472.0,2015,교육 서비스업 사업체 수 (개)
408,대전,55560.0,2015,교육 서비스업 종사자 수 (명)
409,대전,5597.0,2016,교육 서비스업 사업체 수 (개)
410,대전,55714.0,2016,교육 서비스업 종사자 수 (명)
411,대전,5693.0,2017,교육 서비스업 사업체 수 (개)
412,대전,56293.0,2017,교육 서비스업 종사자 수 (명)
413,대전,5739.0,2018,교육 서비스업 사업체 수 (개)
414,대전,57939.0,2018,교육 서비스업 종사자 수 (명)
415,대전,5874.0,2019,교육 서비스업 사업체 수 (개)
416,대전,57344.0,2019,교육 서비스업 종사자 수 (명)
417,울산,4526.0,2015,교육 서비스업 사업체 수 (개)
418,울산,34124.0,2015,교육 서비스업 종사자 수 (명)
419,울산,4650.0,2016,교육 서비스업 사업체 수 (개)
420,울산,33942.0,2016,교육 서비스업 종사자 수 (명)
421,울산,4776.0,2017,교육 서비스업 사업체 수 (개)
422,울산,34429.0,2017,교육 서비스업 종사자 수 (명)
423,울산,4838.0,2018,교육 서비스업 사업체 수 (개)
424,울산,34878.0,2018,교육 서비스업 종사자 수 (명)
425,울산,4896.0,2019,교육 서비스업 사업체 수 (개)
426,울산,35740.0,2019,교육 서비스업 종사자 수 (명)
427,세종,484.0,2015,교육 서비스업 사업체 수 (개)
428,세종,7743.0,2015,교육 서비스업 종사자 수 (명)
429,세종,613.0,2016,교육 서비스업 사업체 수 (개)
430,세종,8822.0,2016,교육 서비스업 종사자 수 (명)
431,세종,877.0,2017,교육 서비스업 사업체 수 (개)
432,세종,10693.0,2017,교육 서비스업 종사자 수 (명)
433,세종,1107.0,2018,교육 서비스업 사업체 수 (개)
434,세종,12802.0,2018,교육 서비스업 종사자 수 (명)
435,세종,1354.0,2019,교육 서비스업 사업체 수 (개)
436,세종,14279.0,2019,교육 서비스업 종사자 수 (명)
437,경기,40225.0,2015,교육 서비스업 사업체 수 (개)
438,경기,354110.0,2015,교육 서비스업 종사자 수 (명)
439,경기,42039.0,2016,교육 서비스업 사업체 수 (개)
440,경기,355536.0,2016,교육 서비스업 종사자 수 (명)
441,경기,43757.0,2017,교육 서비스업 사업체 수 (개)
442,경기,371525.0,2017,교육 서비스업 종사자 수 (명)
443,경기,45488.0,2018,교육 서비스업 사업체 수 (개)
444,경기,383886.0,2018,교육 서비스업 종사자 수 (명)
445,경기,46798.0,2019,교육 서비스업 사업체 수 (개)
446,경기,393038.0,2019,교육 서비스업 종사자 수 (명)
447,강원,5754.0,2015,교육 서비스업 사업체 수 (개)
448,강원,54092.0,2015,교육 서비스업 종사자 수 (명)
449,강원,5879.0,2016,교육 서비스업 사업체 수 (개)
450,강원,53253.0,2016,교육 서비스업 종사자 수 (명)
451,강원,5973.0,2017,교육 서비스업 사업체 수 (개)
452,강원,54548.0,2017,교육 서비스업 종사자 수 (명)
453,강원,6112.0,2018,교육 서비스업 사업체 수 (개)
454,강원,57100.0,2018,교육 서비스업 종사자 수 (명)
455,강원,6205.0,2019,교육 서비스업 사업체 수 (개)
456,강원,58842.0,2019,교육 서비스업 종사자 수 (명)
457,충북,5362.0,2015,교육 서비스업 사업체 수 (개)
458,충북,50616.0,2015,교육 서비스업 종사자 수 (명)
459,충북,5399.0,2016,교육 서비스업 사업체 수 (개)
460,충북,49321.0,2016,교육 서비스업 종사자 수 (명)
461,충북,5449.0,2017,교육 서비스업 사업체 수 (개)
462,충북,50661.0,2017,교육 서비스업 종사자 수 (명)
463,충북,5462.0,2018,교육 서비스업 사업체 수 (개)
464,충북,51293.0,2018,교육 서비스업 종사자 수 (명)
465,충북,5541.0,2019,교육 서비스업 사업체 수 (개)
466,충북,52912.0,2019,교육 서비스업 종사자 수 (명)
467,충남,6434.0,2015,교육 서비스업 사업체 수 (개)
468,충남,64178.0,2015,교육 서비스업 종사자 수 (명)
469,충남,6540.0,2016,교육 서비스업 사업체 수 (개)
470,충남,62808.0,2016,교육 서비스업 종사자 수 (명)
471,충남,6685.0,2017,교육 서비스업 사업체 수 (개)
472,충남,65280.0,2017,교육 서비스업 종사자 수 (명)
473,충남,6871.0,2018,교육 서비스업 사업체 수 (개)
474,충남,67673.0,2018,교육 서비스업 종사자 수 (명)
475,충남,7065.0,2019,교육 서비스업 사업체 수 (개)
476,충남,70440.0,2019,교육 서비스업 종사자 수 (명)
477,전북,7494.0,2015,교육 서비스업 사업체 수 (개)
478,전북,61177.0,2015,교육 서비스업 종사자 수 (명)
479,전북,7599.0,2016,교육 서비스업 사업체 수 (개)
480,전북,60220.0,2016,교육 서비스업 종사자 수 (명)
481,전북,7597.0,2017,교육 서비스업 사업체 수 (개)
482,전북,60341.0,2017,교육 서비스업 종사자 수 (명)
483,전북,7705.0,2018,교육 서비스업 사업체 수 (개)
484,전북,61153.0,2018,교육 서비스업 종사자 수 (명)
485,전북,7780.0,2019,교육 서비스업 사업체 수 (개)
486,전북,62699.0,2019,교육 서비스업 종사자 수 (명)
487,전남,6157.0,2015,교육 서비스업 사업체 수 (개)
488,전남,52730.0,2015,교육 서비스업 종사자 수 (명)
489,전남,6273.0,2016,교육 서비스업 사업체 수 (개)
490,전남,52155.0,2016,교육 서비스업 종사자 수 (명)
491,전남,6380.0,2017,교육 서비스업 사업체 수 (개)
492,전남,53151.0,2017,교육 서비스업 종사자 수 (명)
493,전남,6481.0,2018,교육 서비스업 사업체 수 (개)
494,전남,54097.0,2018,교육 서비스업 종사자 수 (명)
495,전남,6574.0,2019,교육 서비스업 사업체 수 (개)
496,전남,55963.0,2019,교육 서비스업 종사자 수 (명)
497,경북,9395.0,2015,교육 서비스업 사업체 수 (개)
498,경북,78703.0,2015,교육 서비스업 종사자 수 (명)
499,경북,9485.0,2016,교육 서비스업 사업체 수 (개)
500,경북,80803.0,2016,교육 서비스업 종사자 수 (명)
501,경북,9532.0,2017,교육 서비스업 사업체 수 (개)
502,경북,80371.0,2017,교육 서비스업 종사자 수 (명)
503,경북,9757.0,2018,교육 서비스업 사업체 수 (개)
504,경북,79857.0,2018,교육 서비스업 종사자 수 (명)
505,경북,9955.0,2019,교육 서비스업 사업체 수 (개)
506,경북,84353.0,2019,교육 서비스업 종사자 수 (명)
507,경남,12452.0,2015,교육 서비스업 사업체 수 (개)
508,경남,92561.0,2015,교육 서비스업 종사자 수 (명)
509,경남,12741.0,2016,교육 서비스업 사업체 수 (개)
510,경남,91495.0,2016,교육 서비스업 종사자 수 (명)
511,경남,13085.0,2017,교육 서비스업 사업체 수 (개)
512,경남,93514.0,2017,교육 서비스업 종사자 수 (명)
513,경남,13372.0,2018,교육 서비스업 사업체 수 (개)
514,경남,96088.0,2018,교육 서비스업 종사자 수 (명)
515,경남,13659.0,2019,교육 서비스업 사업체 수 (개)
516,경남,99419.0,2019,교육 서비스업 종사자 수 (명)
517,제주,2555.0,2015,교육 서비스업 사업체 수 (개)
518,제주,20220.0,2015,교육 서비스업 종사자 수 (명)
519,제주,2587.0,2016,교육 서비스업 사업체 수 (개)
520,제주,19423.0,2016,교육 서비스업 종사자 수 (명)
521,제주,2584.0,2017,교육 서비스업 사업체 수 (개)
522,제주,19577.0,2017,교육 서비스업 종사자 수 (명)
523,제주,2679.0,2018,교육 서비스업 사업체 수 (개)
524,제주,20773.0,2018,교육 서비스업 종사자 수 (명)
525,제주,2851.0,2019,교육 서비스업 사업체 수 (개)
526,제주,21950.0,2019,교육 서비스업 종사자 수 (명)
527,서울,44933.0,2020,교육 서비스업 사업체 수 (개)
528,서울,354237.0,2020,교육 서비스업 종사자 수 (명)
529,서울,46855.0,2021,교육 서비스업 사업체 수 (개)
530,서울,361663.0,2021,교육 서비스업 종사자 수 (명)
531,부산,15016.0,2020,교육 서비스업 사업체 수 (개)
532,부산,102424.0,2020,교육 서비스업 종사자 수 (명)
533,부산,16039.0,2021,교육 서비스업 사업체 수 (개)
534,부산,104539.0,2021,교육 서비스업 종사자 수 (명)
535,대구,12517.0,2020,교육 서비스업 사업체 수 (개)
536,대구,80049.0,2020,교육 서비스업 종사자 수 (명)
537,대구,13107.0,2021,교육 서비스업 사업체 수 (개)
538,대구,81948.0,2021,교육 서비스업 종사자 수 (명)
539,인천,10933.0,2020,교육 서비스업 사업체 수 (개)
540,인천,77194.0,2020,교육 서비스업 종사자 수 (명)
541,인천,11644.0,2021,교육 서비스업 사업체 수 (개)
542,인천,79359.0,2021,교육 서비스업 종사자 수 (명)
543,광주,7718.0,2020,교육 서비스업 사업체 수 (개)
544,광주,51744.0,2020,교육 서비스업 종사자 수 (명)
545,광주,7980.0,2021,교육 서비스업 사업체 수 (개)
546,광주,51491.0,2021,교육 서비스업 종사자 수 (명)
547,대전,6991.0,2020,교육 서비스업 사업체 수 (개)
548,대전,57803.0,2020,교육 서비스업 종사자 수 (명)
549,대전,7382.0,2021,교육 서비스업 사업체 수 (개)
550,대전,58903.0,2021,교육 서비스업 종사자 수 (명)
551,울산,5585.0,2020,교육 서비스업 사업체 수 (개)
552,울산,35750.0,2020,교육 서비스업 종사자 수 (명)
553,울산,5910.0,2021,교육 서비스업 사업체 수 (개)
554,울산,35027.0,2021,교육 서비스업 종사자 수 (명)
555,세종,2322.0,2020,교육 서비스업 사업체 수 (개)
556,세종,15688.0,2020,교육 서비스업 종사자 수 (명)
557,세종,2641.0,2021,교육 서비스업 사업체 수 (개)
558,세종,17491.0,2021,교육 서비스업 종사자 수 (명)
559,경기,59752.0,2020,교육 서비스업 사업체 수 (개)
560,경기,382033.0,2020,교육 서비스업 종사자 수 (명)
561,경기,64609.0,2021,교육 서비스업 사업체 수 (개)
562,경기,390147.0,2021,교육 서비스업 종사자 수 (명)
563,강원,7213.0,2020,교육 서비스업 사업체 수 (개)
564,강원,54374.0,2020,교육 서비스업 종사자 수 (명)
565,강원,7615.0,2021,교육 서비스업 사업체 수 (개)
566,강원,56810.0,2021,교육 서비스업 종사자 수 (명)
567,충북,6526.0,2020,교육 서비스업 사업체 수 (개)
568,충북,52734.0,2020,교육 서비스업 종사자 수 (명)
569,충북,6947.0,2021,교육 서비스업 사업체 수 (개)
570,충북,54630.0,2021,교육 서비스업 종사자 수 (명)
571,충남,8623.0,2020,교육 서비스업 사업체 수 (개)
572,충남,69431.0,2020,교육 서비스업 종사자 수 (명)
573,충남,9197.0,2021,교육 서비스업 사업체 수 (개)
574,충남,71764.0,2021,교육 서비스업 종사자 수 (명)
575,전북,8660.0,2020,교육 서비스업 사업체 수 (개)
576,전북,62026.0,2020,교육 서비스업 종사자 수 (명)
577,전북,9061.0,2021,교육 서비스업 사업체 수 (개)
578,전북,60935.0,2021,교육 서비스업 종사자 수 (명)
579,전남,7233.0,2020,교육 서비스업 사업체 수 (개)
580,전남,55200.0,2020,교육 서비스업 종사자 수 (명)
581,전남,7627.0,2021,교육 서비스업 사업체 수 (개)
582,전남,55766.0,2021,교육 서비스업 종사자 수 (명)
583,경북,11197.0,2020,교육 서비스업 사업체 수 (개)
584,경북,82201.0,2020,교육 서비스업 종사자 수 (명)
585,경북,11823.0,2021,교육 서비스업 사업체 수 (개)
586,경북,83737.0,2021,교육 서비스업 종사자 수 (명)
587,경남,16036.0,2020,교육 서비스업 사업체 수 (개)
588,경남,98206.0,2020,교육 서비스업 종사자 수 (명)
589,경남,17005.0,2021,교육 서비스업 사업체 수 (개)
590,경남,100290.0,2021,교육 서비스업 종사자 수 (명)
591,제주,3486.0,2020,교육 서비스업 사업체 수 (개)
592,제주,21797.0,2020,교육 서비스업 종사자 수 (명)
593,제주,3789.0,2021,교육 서비스업 사업체 수 (개)
594,제주,22525.0,2021,교육 서비스업 종사자 수 (명)
595,서울,1285.0,2015,학교 시설수 (개)
596,부산,643.0,2015,학교 시설수 (개)
597,대구,496.0,2015,학교 시설수 (개)
598,인천,610.0,2015,학교 시설수 (개)
599,광주,312.0,2015,학교 시설수 (개)
600,대전,355.0,2015,학교 시설수 (개)
601,울산,291.0,2015,학교 시설수 (개)
602,세종,138.0,2015,학교 시설수 (개)
603,경기,2825.0,2015,학교 시설수 (개)
604,강원,711.0,2015,학교 시설수 (개)
605,충북,528.0,2015,학교 시설수 (개)
606,충남,724.0,2015,학교 시설수 (개)
607,전북,802.0,2015,학교 시설수 (개)
608,전남,938.0,2015,학교 시설수 (개)
609,경북,1006.0,2015,학교 시설수 (개)
610,경남,1092.0,2015,학교 시설수 (개)
611,제주,202.0,2015,학교 시설수 (개)
612,서울,1282.0,2016,학교 시설수 (개)
613,부산,654.0,2016,학교 시설수 (개)
614,대구,497.0,2016,학교 시설수 (개)
615,인천,616.0,2016,학교 시설수 (개)
616,광주,312.0,2016,학교 시설수 (개)
617,대전,355.0,2016,학교 시설수 (개)
618,울산,289.0,2016,학교 시설수 (개)
619,세종,138.0,2016,학교 시설수 (개)
620,경기,2858.0,2016,학교 시설수 (개)
621,강원,705.0,2016,학교 시설수 (개)
622,충북,531.0,2016,학교 시설수 (개)
623,충남,729.0,2016,학교 시설수 (개)
624,전북,803.0,2016,학교 시설수 (개)
625,전남,924.0,2016,학교 시설수 (개)
626,경북,1012.0,2016,학교 시설수 (개)
627,경남,1075.0,2016,학교 시설수 (개)
628,제주,201.0,2016,학교 시설수 (개)
629,서울,1282.0,2017,학교 시설수 (개)
630,부산,649.0,2017,학교 시설수 (개)
631,대구,496.0,2017,학교 시설수 (개)
632,인천,614.0,2017,학교 시설수 (개)
633,광주,309.0,2017,학교 시설수 (개)
634,대전,354.0,2017,학교 시설수 (개)
635,울산,289.0,2017,학교 시설수 (개)
636,세종,140.0,2017,학교 시설수 (개)
637,경기,2865.0,2017,학교 시설수 (개)
638,강원,703.0,2017,학교 시설수 (개)
639,충북,534.0,2017,학교 시설수 (개)
640,충남,733.0,2017,학교 시설수 (개)
641,전북,801.0,2017,학교 시설수 (개)
642,전남,914.0,2017,학교 시설수 (개)
643,경북,1017.0,2017,학교 시설수 (개)
644,경남,1090.0,2017,학교 시설수 (개)
645,제주,201.0,2017,학교 시설수 (개)
646,서울,1279.0,2018,학교 시설수 (개)
647,부산,657.0,2018,학교 시설수 (개)
648,대구,492.0,2018,학교 시설수 (개)
649,인천,612.0,2018,학교 시설수 (개)
650,광주,309.0,2018,학교 시설수 (개)
651,대전,355.0,2018,학교 시설수 (개)
652,울산,275.0,2018,학교 시설수 (개)
653,세종,140.0,2018,학교 시설수 (개)
654,경기,2976.0,2018,학교 시설수 (개)
655,강원,699.0,2018,학교 시설수 (개)
656,충북,532.0,2018,학교 시설수 (개)
657,충남,733.0,2018,학교 시설수 (개)
658,전북,810.0,2018,학교 시설수 (개)
659,전남,912.0,2018,학교 시설수 (개)
660,경북,1015.0,2018,학교 시설수 (개)
661,경남,1093.0,2018,학교 시설수 (개)
662,제주,201.0,2018,학교 시설수 (개)
663,서울,1278.0,2019,학교 시설수 (개)
664,부산,657.0,2019,학교 시설수 (개)
665,대구,492.0,2019,학교 시설수 (개)
666,인천,612.0,2019,학교 시설수 (개)
667,광주,309.0,2019,학교 시설수 (개)
668,대전,354.0,2019,학교 시설수 (개)
669,울산,275.0,2019,학교 시설수 (개)
670,세종,140.0,2019,학교 시설수 (개)
671,경기,2983.0,2019,학교 시설수 (개)
672,강원,701.0,2019,학교 시설수 (개)
673,충북,528.0,2019,학교 시설수 (개)
674,충남,735.0,2019,학교 시설수 (개)
675,전북,807.0,2019,학교 시설수 (개)
676,전남,911.0,2019,학교 시설수 (개)
677,경북,1010.0,2019,학교 시설수 (개)
678,경남,1094.0,2019,학교 시설수 (개)
679,제주,201.0,2019,학교 시설수 (개)
680,서울,1268.0,2020,학교 시설수 (개)
681,부산,657.0,2020,학교 시설수 (개)
682,대구,493.0,2020,학교 시설수 (개)
683,인천,632.0,2020,학교 시설수 (개)
684,광주,308.0,2020,학교 시설수 (개)
685,대전,354.0,2020,학교 시설수 (개)
686,울산,271.0,2020,학교 시설수 (개)
687,세종,148.0,2020,학교 시설수 (개)
688,경기,2989.0,2020,학교 시설수 (개)
689,강원,701.0,2020,학교 시설수 (개)
690,충북,522.0,2020,학교 시설수 (개)
691,충남,736.0,2020,학교 시설수 (개)
692,전북,802.0,2020,학교 시설수 (개)
693,전남,918.0,2020,학교 시설수 (개)
694,경북,1000.0,2020,학교 시설수 (개)
695,경남,1085.0,2020,학교 시설수 (개)
696,제주,201.0,2020,학교 시설수 (개)
697,서울,1254.0,2021,학교 시설수 (개)
698,부산,657.0,2021,학교 시설수 (개)
699,대구,492.0,2021,학교 시설수 (개)
700,인천,641.0,2021,학교 시설수 (개)
701,광주,305.0,2021,학교 시설수 (개)
702,대전,379.0,2021,학교 시설수 (개)
703,울산,271.0,2021,학교 시설수 (개)
704,세종,149.0,2021,학교 시설수 (개)
705,경기,3093.0,2021,학교 시설수 (개)
706,강원,700.0,2021,학교 시설수 (개)
707,충북,517.0,2021,학교 시설수 (개)
708,충남,735.0,2021,학교 시설수 (개)
709,전북,802.0,2021,학교 시설수 (개)
710,전남,920.0,2021,학교 시설수 (개)
711,경북,1020.0,2021,학교 시설수 (개)
712,경남,1088.0,2021,학교 시설수 (개)
713,제주,197.0,2021,학교 시설수 (개)
714,서울,33402201.0,2015,학교 면적 (㎡)
715,부산,17248877.0,2015,학교 면적 (㎡)
716,대구,11862672.0,2015,학교 면적 (㎡)
717,인천,11906374.0,2015,학교 면적 (㎡)
718,광주,9995315.0,2015,학교 면적 (㎡)
719,대전,11165381.0,2015,학교 면적 (㎡)
720,울산,6813637.0,2015,학교 면적 (㎡)
721,세종,5788560.0,2015,학교 면적 (㎡)
722,경기,65350120.0,2015,학교 면적 (㎡)
723,강원,24139264.0,2015,학교 면적 (㎡)
724,충북,18077128.0,2015,학교 면적 (㎡)
725,충남,25011844.0,2015,학교 면적 (㎡)
726,전북,21154007.0,2015,학교 면적 (㎡)
727,전남,23069769.0,2015,학교 면적 (㎡)
728,경북,35229479.0,2015,학교 면적 (㎡)
729,경남,26448751.0,2015,학교 면적 (㎡)
730,제주,6090723.0,2015,학교 면적 (㎡)
731,서울,33312089.0,2016,학교 면적 (㎡)
732,부산,17189150.0,2016,학교 면적 (㎡)
733,대구,11848373.0,2016,학교 면적 (㎡)
734,인천,11989074.0,2016,학교 면적 (㎡)
735,광주,10022113.0,2016,학교 면적 (㎡)
736,대전,11166010.0,2016,학교 면적 (㎡)
737,울산,6779105.0,2016,학교 면적 (㎡)
738,세종,5777206.0,2016,학교 면적 (㎡)
739,경기,65713016.0,2016,학교 면적 (㎡)
740,강원,23164326.0,2016,학교 면적 (㎡)
741,충북,18144492.0,2016,학교 면적 (㎡)
742,충남,25130191.0,2016,학교 면적 (㎡)
743,전북,21189942.0,2016,학교 면적 (㎡)
744,전남,24329592.0,2016,학교 면적 (㎡)
745,경북,35408993.0,2016,학교 면적 (㎡)
746,경남,26310994.0,2016,학교 면적 (㎡)
747,제주,6058625.0,2016,학교 면적 (㎡)
748,서울,34866631.0,2017,학교 면적 (㎡)
749,부산,16662862.0,2017,학교 면적 (㎡)
750,대구,11833179.0,2017,학교 면적 (㎡)
751,인천,12024616.0,2017,학교 면적 (㎡)
752,광주,9930434.0,2017,학교 면적 (㎡)
753,대전,11154387.0,2017,학교 면적 (㎡)
754,울산,6783245.0,2017,학교 면적 (㎡)
755,세종,5819058.0,2017,학교 면적 (㎡)
756,경기,66202473.0,2017,학교 면적 (㎡)
757,강원,23123927.0,2017,학교 면적 (㎡)
758,충북,18355512.0,2017,학교 면적 (㎡)
759,충남,25380607.0,2017,학교 면적 (㎡)
760,전북,21195288.0,2017,학교 면적 (㎡)
761,전남,24366494.0,2017,학교 면적 (㎡)
762,경북,35335049.0,2017,학교 면적 (㎡)
763,경남,26522271.0,2017,학교 면적 (㎡)
764,제주,6057717.0,2017,학교 면적 (㎡)
765,서울,34762912.0,2018,학교 면적 (㎡)
766,부산,16119218.0,2018,학교 면적 (㎡)
767,대구,11794593.0,2018,학교 면적 (㎡)
768,인천,12084737.0,2018,학교 면적 (㎡)
769,광주,9929409.0,2018,학교 면적 (㎡)
770,대전,11157173.0,2018,학교 면적 (㎡)
771,울산,6553664.0,2018,학교 면적 (㎡)
772,세종,5819058.0,2018,학교 면적 (㎡)
773,경기,67960591.0,2018,학교 면적 (㎡)
774,강원,23489870.0,2018,학교 면적 (㎡)
775,충북,18365507.0,2018,학교 면적 (㎡)
776,충남,25335850.0,2018,학교 면적 (㎡)
777,전북,21706841.0,2018,학교 면적 (㎡)
778,전남,23172646.0,2018,학교 면적 (㎡)
779,경북,35212426.0,2018,학교 면적 (㎡)
780,경남,26584399.0,2018,학교 면적 (㎡)
781,제주,6082826.0,2018,학교 면적 (㎡)
782,서울,34744614.0,2019,학교 면적 (㎡)
783,부산,16079489.0,2019,학교 면적 (㎡)
784,대구,11795271.0,2019,학교 면적 (㎡)
785,인천,11977833.0,2019,학교 면적 (㎡)
786,광주,9931205.0,2019,학교 면적 (㎡)
787,대전,11149367.0,2019,학교 면적 (㎡)
788,울산,6551192.0,2019,학교 면적 (㎡)
789,세종,5819058.0,2019,학교 면적 (㎡)
790,경기,68085053.0,2019,학교 면적 (㎡)
791,강원,23153546.0,2019,학교 면적 (㎡)
792,충북,18292026.0,2019,학교 면적 (㎡)
793,충남,25031216.0,2019,학교 면적 (㎡)
794,전북,21702628.0,2019,학교 면적 (㎡)
795,전남,23164035.0,2019,학교 면적 (㎡)
796,경북,35084249.0,2019,학교 면적 (㎡)
797,경남,26448761.0,2019,학교 면적 (㎡)
798,제주,6082826.0,2019,학교 면적 (㎡)
799,서울,34615969.0,2020,학교 면적 (㎡)
800,부산,16092727.0,2020,학교 면적 (㎡)
801,대구,11804800.0,2020,학교 면적 (㎡)
802,인천,12204461.0,2020,학교 면적 (㎡)
803,광주,9917885.0,2020,학교 면적 (㎡)
804,대전,11149367.0,2020,학교 면적 (㎡)
805,울산,6482226.0,2020,학교 면적 (㎡)
806,세종,5344900.0,2020,학교 면적 (㎡)
807,경기,68179875.0,2020,학교 면적 (㎡)
808,강원,23172604.0,2020,학교 면적 (㎡)
809,충북,18133505.0,2020,학교 면적 (㎡)
810,충남,25081968.0,2020,학교 면적 (㎡)
811,전북,21637060.0,2020,학교 면적 (㎡)
812,전남,23394575.0,2020,학교 면적 (㎡)
813,경북,34284514.0,2020,학교 면적 (㎡)
814,경남,25850794.0,2020,학교 면적 (㎡)
815,제주,6082826.0,2020,학교 면적 (㎡)
816,서울,34380510.0,2021,학교 면적 (㎡)
817,부산,16082091.0,2021,학교 면적 (㎡)
818,대구,11778082.0,2021,학교 면적 (㎡)
819,인천,12243305.0,2021,학교 면적 (㎡)
820,광주,9818101.0,2021,학교 면적 (㎡)
821,대전,17367519.0,2021,학교 면적 (㎡)
822,울산,6482226.0,2021,학교 면적 (㎡)
823,세종,5359634.0,2021,학교 면적 (㎡)
824,경기,71828812.0,2021,학교 면적 (㎡)
825,강원,23150226.0,2021,학교 면적 (㎡)
826,충북,18003363.0,2021,학교 면적 (㎡)
827,충남,25137038.0,2021,학교 면적 (㎡)
828,전북,21582179.0,2021,학교 면적 (㎡)
829,전남,23402024.0,2021,학교 면적 (㎡)
830,경북,34566520.0,2021,학교 면적 (㎡)
831,경남,25886535.0,2021,학교 면적 (㎡)
832,제주,5955735.0,2021,학교 면적 (㎡)
833,서울,74.3,2015,사교육 참여율(%)
834,부산,67.8,2015,사교육 참여율(%)
835,대구,71.3,2015,사교육 참여율(%)
836,인천,65.9,2015,사교육 참여율(%)
837,광주,68.8,2015,사교육 참여율(%)
838,대전,70.2,2015,사교육 참여율(%)
839,울산,69.6,2015,사교육 참여율(%)
840,세종,67.7,2015,사교육 참여율(%)
841,경기,72.3,2015,사교육 참여율(%)
842,강원,62.2,2015,사교육 참여율(%)
843,충북,61.6,2015,사교육 참여율(%)
844,충남,61.2,2015,사교육 참여율(%)
845,전북,60.6,2015,사교육 참여율(%)
846,전남,59.6,2015,사교육 참여율(%)
847,경북,64.5,2015,사교육 참여율(%)
848,경남,66.9,2015,사교육 참여율(%)
849,제주,64.2,2015,사교육 참여율(%)
850,서울,73.7,2016,사교육 참여율(%)
851,부산,69.8,2016,사교육 참여율(%)
852,대구,68.9,2016,사교육 참여율(%)
853,인천,64.9,2016,사교육 참여율(%)
854,광주,64.8,2016,사교육 참여율(%)
855,대전,68.8,2016,사교육 참여율(%)
856,울산,68.1,2016,사교육 참여율(%)
857,세종,69.2,2016,사교육 참여율(%)
858,경기,71.5,2016,사교육 참여율(%)
859,강원,61.4,2016,사교육 참여율(%)
860,충북,60.5,2016,사교육 참여율(%)
861,충남,58.8,2016,사교육 참여율(%)
862,전북,60.9,2016,사교육 참여율(%)
863,전남,54.9,2016,사교육 참여율(%)
864,경북,64.0,2016,사교육 참여율(%)
865,경남,65.2,2016,사교육 참여율(%)
866,제주,64.6,2016,사교육 참여율(%)
867,서울,77.6,2017,사교육 참여율(%)
868,부산,73.0,2017,사교육 참여율(%)
869,대구,74.0,2017,사교육 참여율(%)
870,인천,68.0,2017,사교육 참여율(%)
871,광주,68.7,2017,사교육 참여율(%)
872,대전,72.7,2017,사교육 참여율(%)
873,울산,69.4,2017,사교육 참여율(%)
874,세종,74.5,2017,사교육 참여율(%)
875,경기,74.0,2017,사교육 참여율(%)
876,강원,65.5,2017,사교육 참여율(%)
877,충북,63.0,2017,사교육 참여율(%)
878,충남,64.6,2017,사교육 참여율(%)
879,전북,64.6,2017,사교육 참여율(%)
880,전남,57.0,2017,사교육 참여율(%)
881,경북,67.3,2017,사교육 참여율(%)
882,경남,70.0,2017,사교육 참여율(%)
883,제주,66.3,2017,사교육 참여율(%)
884,서울,79.9,2018,사교육 참여율(%)
885,부산,70.3,2018,사교육 참여율(%)
886,대구,73.7,2018,사교육 참여율(%)
887,인천,72.6,2018,사교육 참여율(%)
888,광주,69.4,2018,사교육 참여율(%)
889,대전,73.8,2018,사교육 참여율(%)
890,울산,73.3,2018,사교육 참여율(%)
891,세종,77.9,2018,사교육 참여율(%)
892,경기,76.1,2018,사교육 참여율(%)
893,강원,65.8,2018,사교육 참여율(%)
894,충북,69.4,2018,사교육 참여율(%)
895,충남,63.7,2018,사교육 참여율(%)
896,전북,65.5,2018,사교육 참여율(%)
897,전남,61.5,2018,사교육 참여율(%)
898,경북,67.7,2018,사교육 참여율(%)
899,경남,70.3,2018,사교육 참여율(%)
900,제주,68.4,2018,사교육 참여율(%)
901,서울,80.0,2019,사교육 참여율(%)
902,부산,75.9,2019,사교육 참여율(%)
903,대구,75.5,2019,사교육 참여율(%)
904,인천,75.1,2019,사교육 참여율(%)
905,광주,73.7,2019,사교육 참여율(%)
906,대전,74.5,2019,사교육 참여율(%)
907,울산,73.0,2019,사교육 참여율(%)
908,세종,81.3,2019,사교육 참여율(%)
909,경기,78.3,2019,사교육 참여율(%)
910,강원,65.7,2019,사교육 참여율(%)
911,충북,69.0,2019,사교육 참여율(%)
912,충남,69.4,2019,사교육 참여율(%)
913,전북,68.3,2019,사교육 참여율(%)
914,전남,60.9,2019,사교육 참여율(%)
915,경북,69.7,2019,사교육 참여율(%)
916,경남,72.0,2019,사교육 참여율(%)
917,제주,72.1,2019,사교육 참여율(%)
918,서울,75.0,2020,사교육 참여율(%)
919,부산,67.1,2020,사교육 참여율(%)
920,대구,65.9,2020,사교육 참여율(%)
921,인천,66.6,2020,사교육 참여율(%)
922,광주,67.1,2020,사교육 참여율(%)
923,대전,68.2,2020,사교육 참여율(%)
924,울산,65.2,2020,사교육 참여율(%)
925,세종,73.0,2020,사교육 참여율(%)
926,경기,68.4,2020,사교육 참여율(%)
927,강원,63.6,2020,사교육 참여율(%)
928,충북,61.6,2020,사교육 참여율(%)
929,충남,59.2,2020,사교육 참여율(%)
930,전북,62.8,2020,사교육 참여율(%)
931,전남,58.1,2020,사교육 참여율(%)
932,경북,60.5,2020,사교육 참여율(%)
933,경남,64.8,2020,사교육 참여율(%)
934,제주,66.9,2020,사교육 참여율(%)
935,서울,81.5,2021,사교육 참여율(%)
936,부산,77.4,2021,사교육 참여율(%)
937,대구,79.1,2021,사교육 참여율(%)
938,인천,73.9,2021,사교육 참여율(%)
939,광주,73.6,2021,사교육 참여율(%)
940,대전,75.6,2021,사교육 참여율(%)
941,울산,73.7,2021,사교육 참여율(%)
942,세종,81.1,2021,사교육 참여율(%)
943,경기,77.6,2021,사교육 참여율(%)
944,강원,69.7,2021,사교육 참여율(%)
945,충북,69.5,2021,사교육 참여율(%)
946,충남,67.2,2021,사교육 참여율(%)
947,전북,69.8,2021,사교육 참여율(%)
948,전남,66.5,2021,사교육 참여율(%)
949,경북,71.8,2021,사교육 참여율(%)
950,경남,72.7,2021,사교육 참여율(%)
951,제주,72.7,2021,사교육 참여율(%)
